timestamp,max_visibility,roi_0_id,roi_0_edge_density,roi_0_visibility,roi_0_distance,roi_0_label,roi_1_id,roi_1_edge_density,roi_1_visibility,roi_1_distance,roi_1_label,roi_2_id,roi_2_edge_density,roi_2_visibility,roi_2_distance,roi_2_label
2025-04-24 10:15:04,279.4,roi_0,2.76,97.2,100.0,A,roi_1,4.77,190.5,200.0,B,roi_2,6.87,279.4,300.0,XC
2025-04-24 10:15:33,279.4,roi_0,2.76,97.2,100.0,A,roi_1,4.77,190.5,200.0,B,roi_2,6.87,279.4,300.0,XC
2025-04-24 10:16:33,279.4,roi_0,2.76,97.2,100.0,A,roi_1,4.77,190.5,200.0,B,roi_2,6.87,279.4,300.0,XC
2025-04-24 10:16:50,279.4,roi_0,2.76,97.2,100.0,A,roi_1,4.77,190.5,200.0,B,roi_2,6.87,279.4,300.0,XC
2025-04-24 10:16:55,278.5,roi_0,2.76,97.2,100.0,A,roi_1,4.95,190.1,200.0,B,roi_2,7.17,278.5,300.0,XC
2025-04-24 10:17:00,278.5,roi_0,2.76,97.2,100.0,A,roi_1,4.95,190.1,200.0,B,roi_2,7.17,278.5,300.0,XC
2025-04-24 10:17:10,278.5,roi_0,2.76,97.2,100.0,A,roi_1,4.95,190.1,200.0,B,roi_2,7.17,278.5,300.0,XC
2025-04-24 10:17:20,278.5,roi_0,2.76,97.2,100.0,A,roi_1,4.95,190.1,200.0,B,roi_2,7.17,278.5,300.0,XC
2025-04-24 10:17:21,278.5,roi_0,2.76,97.2,100.0,A,roi_1,4.95,190.1,200.0,B,roi_2,7.17,278.5,300.0,XC
2025-04-24 10:17:22,278.3,roi_0,2.76,97.2,100.0,A,roi_1,4.93,190.1,200.0,B,roi_2,7.24,278.3,300.0,XC
2025-04-24 10:17:29,278.1,roi_0,2.76,97.2,100.0,A,roi_1,6.3,187.4,200.0,B,roi_2,7.29,278.1,300.0,XC
2025-04-24 10:17:30,278.1,roi_0,2.76,97.2,100.0,A,roi_1,6.3,187.4,200.0,B,roi_2,7.29,278.1,300.0,XC
2025-04-24 10:17:31,278.1,roi_0,2.76,97.2,100.0,A,roi_1,6.3,187.4,200.0,B,roi_2,7.29,278.1,300.0,XC
2025-04-24 10:17:31,278.1,roi_0,2.76,97.2,100.0,A,roi_1,6.3,187.4,200.0,B,roi_2,7.29,278.1,300.0,XC
2025-04-24 10:17:31,278.1,roi_0,2.76,97.2,100.0,A,roi_1,6.3,187.4,200.0,B,roi_2,7.29,278.1,300.0,XC
2025-04-24 10:17:40,278.1,roi_0,2.76,97.2,100.0,A,roi_1,6.3,187.4,200.0,B,roi_2,7.29,278.1,300.0,XC
2025-04-24 10:17:50,278.1,roi_0,2.76,97.2,100.0,A,roi_1,6.3,187.4,200.0,B,roi_2,7.29,278.1,300.0,XC
2025-04-24 10:18:01,278.1,roi_0,2.76,97.2,100.0,A,roi_1,6.3,187.4,200.0,B,roi_2,7.29,278.1,300.0,XC
2025-04-24 10:18:10,278.1,roi_0,2.76,97.2,100.0,A,roi_1,6.3,187.4,200.0,B,roi_2,7.29,278.1,300.0,XC
2025-04-24 10:18:20,278.1,roi_0,2.76,97.2,100.0,A,roi_1,6.3,187.4,200.0,B,roi_2,7.29,278.1,300.0,XC
2025-04-24 10:18:24,278.1,roi_0,2.76,97.2,100.0,A,roi_1,6.3,187.4,200.0,B,roi_2,7.29,278.1,300.0,XC
2025-04-24 10:18:30,278.1,roi_0,2.76,97.2,100.0,A,roi_1,6.3,187.4,200.0,B,roi_2,7.29,278.1,300.0,XC
2025-04-24 10:18:41,278.1,roi_0,2.76,97.2,100.0,A,roi_1,6.3,187.4,200.0,B,roi_2,7.29,278.1,300.0,XC
2025-04-24 10:18:50,278.1,roi_0,2.76,97.2,100.0,A,roi_1,6.3,187.4,200.0,B,roi_2,7.29,278.1,300.0,XC
2025-04-24 10:19:00,278.1,roi_0,2.76,97.2,100.0,A,roi_1,6.3,187.4,200.0,B,roi_2,7.29,278.1,300.0,XC
2025-04-24 10:19:11,278.1,roi_0,2.76,97.2,100.0,A,roi_1,6.3,187.4,200.0,B,roi_2,7.29,278.1,300.0,XC
2025-04-24 10:19:21,278.1,roi_0,2.76,97.2,100.0,A,roi_1,6.3,187.4,200.0,B,roi_2,7.29,278.1,300.0,XC
2025-04-24 10:19:30,278.1,roi_0,2.76,97.2,100.0,A,roi_1,6.3,187.4,200.0,B,roi_2,7.29,278.1,300.0,XC
2025-04-24 10:19:41,278.1,roi_0,2.76,97.2,100.0,A,roi_1,6.3,187.4,200.0,B,roi_2,7.29,278.1,300.0,XC
2025-04-24 10:19:50,278.1,roi_0,2.76,97.2,100.0,A,roi_1,6.3,187.4,200.0,B,roi_2,7.29,278.1,300.0,XC
2025-04-24 10:20:01,278.1,roi_0,2.76,97.2,100.0,A,roi_1,6.3,187.4,200.0,B,roi_2,7.29,278.1,300.0,XC
2025-04-24 10:20:10,278.1,roi_0,2.76,97.2,100.0,A,roi_1,6.3,187.4,200.0,B,roi_2,7.29,278.1,300.0,XC
2025-04-24 10:20:21,278.1,roi_0,2.76,97.2,100.0,A,roi_1,6.3,187.4,200.0,B,roi_2,7.29,278.1,300.0,XC
2025-04-24 10:20:31,278.1,roi_0,2.76,97.2,100.0,A,roi_1,6.3,187.4,200.0,B,roi_2,7.29,278.1,300.0,XC
2025-04-24 10:20:41,278.1,roi_0,2.76,97.2,100.0,A,roi_1,6.3,187.4,200.0,B,roi_2,7.29,278.1,300.0,XC
2025-04-24 10:20:51,278.1,roi_0,2.76,97.2,100.0,A,roi_1,6.3,187.4,200.0,B,roi_2,7.29,278.1,300.0,XC
2025-04-24 10:21:01,278.1,roi_0,2.76,97.2,100.0,A,roi_1,6.3,187.4,200.0,B,roi_2,7.29,278.1,300.0,XC
2025-04-24 10:21:11,278.1,roi_0,2.76,97.2,100.0,A,roi_1,6.3,187.4,200.0,B,roi_2,7.29,278.1,300.0,XC
2025-04-24 10:21:21,278.1,roi_0,2.76,97.2,100.0,A,roi_1,6.3,187.4,200.0,B,roi_2,7.29,278.1,300.0,XC
2025-04-24 10:21:31,278.1,roi_0,2.76,97.2,100.0,A,roi_1,6.3,187.4,200.0,B,roi_2,7.29,278.1,300.0,XC
2025-04-24 10:21:41,278.1,roi_0,2.76,97.2,100.0,A,roi_1,6.3,187.4,200.0,B,roi_2,7.29,278.1,300.0,XC
2025-04-24 10:23:35,283.9,roi_0,2.76,97.2,100.0,A,roi_1,4.89,190.2,200.0,B,roi_2,5.36,283.9,300.0,XC
2025-04-24 10:23:45,283.9,roi_0,2.76,97.2,100.0,A,roi_1,4.89,190.2,200.0,B,roi_2,5.36,283.9,300.0,XC
2025-04-24 10:23:55,283.9,roi_0,2.76,97.2,100.0,A,roi_1,4.89,190.2,200.0,B,roi_2,5.36,283.9,300.0,XC
2025-04-24 10:24:05,283.9,roi_0,2.76,97.2,100.0,A,roi_1,4.89,190.2,200.0,B,roi_2,5.36,283.9,300.0,XC
2025-04-24 10:24:15,283.9,roi_0,2.76,97.2,100.0,A,roi_1,4.89,190.2,200.0,B,roi_2,5.36,283.9,300.0,XC
2025-04-24 10:24:25,283.9,roi_0,2.76,97.2,100.0,A,roi_1,4.89,190.2,200.0,B,roi_2,5.36,283.9,300.0,XC
2025-04-24 10:24:35,283.9,roi_0,2.76,97.2,100.0,A,roi_1,4.89,190.2,200.0,B,roi_2,5.36,283.9,300.0,XC
2025-04-24 10:24:45,283.9,roi_0,2.76,97.2,100.0,A,roi_1,4.89,190.2,200.0,B,roi_2,5.36,283.9,300.0,XC
2025-04-24 10:24:55,283.9,roi_0,2.76,97.2,100.0,A,roi_1,4.89,190.2,200.0,B,roi_2,5.36,283.9,300.0,XC
2025-04-24 10:25:05,283.9,roi_0,2.76,97.2,100.0,A,roi_1,4.89,190.2,200.0,B,roi_2,5.36,283.9,300.0,XC
2025-04-24 10:25:15,283.9,roi_0,2.76,97.2,100.0,A,roi_1,4.89,190.2,200.0,B,roi_2,5.36,283.9,300.0,XC
2025-04-24 10:25:25,283.9,roi_0,2.76,97.2,100.0,A,roi_1,4.89,190.2,200.0,B,roi_2,5.36,283.9,300.0,XC
2025-04-24 10:25:35,283.9,roi_0,2.76,97.2,100.0,A,roi_1,4.89,190.2,200.0,B,roi_2,5.36,283.9,300.0,XC
2025-04-24 10:25:45,283.9,roi_0,2.76,97.2,100.0,A,roi_1,4.89,190.2,200.0,B,roi_2,5.36,283.9,300.0,XC
2025-04-24 10:25:55,283.9,roi_0,2.76,97.2,100.0,A,roi_1,4.89,190.2,200.0,B,roi_2,5.36,283.9,300.0,XC
2025-04-24 10:26:05,283.9,roi_0,2.76,97.2,100.0,A,roi_1,4.89,190.2,200.0,B,roi_2,5.36,283.9,300.0,XC
2025-04-24 10:26:15,283.9,roi_0,2.76,97.2,100.0,A,roi_1,4.89,190.2,200.0,B,roi_2,5.36,283.9,300.0,XC
2025-04-24 10:26:25,283.9,roi_0,2.76,97.2,100.0,A,roi_1,4.89,190.2,200.0,B,roi_2,5.36,283.9,300.0,XC
2025-04-24 10:26:35,283.9,roi_0,2.76,97.2,100.0,A,roi_1,4.89,190.2,200.0,B,roi_2,5.36,283.9,300.0,XC
2025-04-24 10:26:45,283.9,roi_0,2.76,97.2,100.0,A,roi_1,4.89,190.2,200.0,B,roi_2,5.36,283.9,300.0,XC
2025-04-24 10:26:55,283.9,roi_0,2.76,97.2,100.0,A,roi_1,4.89,190.2,200.0,B,roi_2,5.36,283.9,300.0,XC
2025-04-24 10:27:05,283.9,roi_0,2.76,97.2,100.0,A,roi_1,4.89,190.2,200.0,B,roi_2,5.36,283.9,300.0,XC
2025-04-24 10:27:15,283.9,roi_0,2.76,97.2,100.0,A,roi_1,4.89,190.2,200.0,B,roi_2,5.36,283.9,300.0,XC
2025-04-24 10:27:25,283.9,roi_0,2.76,97.2,100.0,A,roi_1,4.89,190.2,200.0,B,roi_2,5.36,283.9,300.0,XC
2025-04-24 10:27:35,283.9,roi_0,2.76,97.2,100.0,A,roi_1,4.89,190.2,200.0,B,roi_2,5.36,283.9,300.0,XC
2025-04-24 10:27:45,283.9,roi_0,2.76,97.2,100.0,A,roi_1,4.89,190.2,200.0,B,roi_2,5.36,283.9,300.0,XC
2025-04-24 10:27:55,283.9,roi_0,2.76,97.2,100.0,A,roi_1,4.89,190.2,200.0,B,roi_2,5.36,283.9,300.0,XC
2025-04-24 10:28:05,283.9,roi_0,2.76,97.2,100.0,A,roi_1,4.89,190.2,200.0,B,roi_2,5.36,283.9,300.0,XC
2025-04-24 10:28:15,283.9,roi_0,2.76,97.2,100.0,A,roi_1,4.89,190.2,200.0,B,roi_2,5.36,283.9,300.0,XC
2025-04-24 10:28:25,283.9,roi_0,2.76,97.2,100.0,A,roi_1,4.89,190.2,200.0,B,roi_2,5.36,283.9,300.0,XC
2025-04-24 10:28:35,283.9,roi_0,2.76,97.2,100.0,A,roi_1,4.89,190.2,200.0,B,roi_2,5.36,283.9,300.0,XC
2025-04-24 10:28:45,283.9,roi_0,2.76,97.2,100.0,A,roi_1,4.89,190.2,200.0,B,roi_2,5.36,283.9,300.0,XC
2025-04-24 10:28:55,283.9,roi_0,2.76,97.2,100.0,A,roi_1,4.89,190.2,200.0,B,roi_2,5.36,283.9,300.0,XC
2025-04-24 10:29:05,283.9,roi_0,2.76,97.2,100.0,A,roi_1,4.89,190.2,200.0,B,roi_2,5.36,283.9,300.0,XC
2025-04-24 10:29:15,283.9,roi_0,2.76,97.2,100.0,A,roi_1,4.89,190.2,200.0,B,roi_2,5.36,283.9,300.0,XC
2025-04-24 10:29:25,283.9,roi_0,2.76,97.2,100.0,A,roi_1,4.89,190.2,200.0,B,roi_2,5.36,283.9,300.0,XC
2025-04-24 10:29:35,283.9,roi_0,2.76,97.2,100.0,A,roi_1,4.89,190.2,200.0,B,roi_2,5.36,283.9,300.0,XC
2025-04-24 10:29:45,283.9,roi_0,2.76,97.2,100.0,A,roi_1,4.89,190.2,200.0,B,roi_2,5.36,283.9,300.0,XC
2025-04-24 10:29:55,283.9,roi_0,2.76,97.2,100.0,A,roi_1,4.89,190.2,200.0,B,roi_2,5.36,283.9,300.0,XC
2025-04-24 10:30:05,283.9,roi_0,2.76,97.2,100.0,A,roi_1,4.89,190.2,200.0,B,roi_2,5.36,283.9,300.0,XC
2025-04-24 10:30:15,283.9,roi_0,2.76,97.2,100.0,A,roi_1,4.89,190.2,200.0,B,roi_2,5.36,283.9,300.0,XC
2025-04-24 10:30:25,283.9,roi_0,2.76,97.2,100.0,A,roi_1,4.89,190.2,200.0,B,roi_2,5.36,283.9,300.0,XC
2025-04-24 10:30:35,283.9,roi_0,2.76,97.2,100.0,A,roi_1,4.89,190.2,200.0,B,roi_2,5.36,283.9,300.0,XC
2025-04-24 10:30:45,283.9,roi_0,2.76,97.2,100.0,A,roi_1,4.89,190.2,200.0,B,roi_2,5.36,283.9,300.0,XC
2025-04-24 10:30:55,283.9,roi_0,2.76,97.2,100.0,A,roi_1,4.89,190.2,200.0,B,roi_2,5.36,283.9,300.0,XC
2025-04-24 10:31:05,283.9,roi_0,2.76,97.2,100.0,A,roi_1,4.89,190.2,200.0,B,roi_2,5.36,283.9,300.0,XC
2025-04-24 10:31:15,283.9,roi_0,2.76,97.2,100.0,A,roi_1,4.89,190.2,200.0,B,roi_2,5.36,283.9,300.0,XC
2025-04-24 10:31:25,283.9,roi_0,2.76,97.2,100.0,A,roi_1,4.89,190.2,200.0,B,roi_2,5.36,283.9,300.0,XC
2025-04-24 10:31:35,283.9,roi_0,2.76,97.2,100.0,A,roi_1,4.89,190.2,200.0,B,roi_2,5.36,283.9,300.0,XC
2025-04-24 10:31:45,283.9,roi_0,2.76,97.2,100.0,A,roi_1,4.89,190.2,200.0,B,roi_2,5.36,283.9,300.0,XC
2025-04-24 10:31:55,283.9,roi_0,2.76,97.2,100.0,A,roi_1,4.89,190.2,200.0,B,roi_2,5.36,283.9,300.0,XC
2025-04-24 10:32:05,283.9,roi_0,2.76,97.2,100.0,A,roi_1,4.89,190.2,200.0,B,roi_2,5.36,283.9,300.0,XC
2025-04-24 10:32:15,283.9,roi_0,2.76,97.2,100.0,A,roi_1,4.89,190.2,200.0,B,roi_2,5.36,283.9,300.0,XC
2025-04-24 10:32:18,283.9,roi_0,2.76,97.2,100.0,A,roi_1,4.89,190.2,200.0,B,roi_2,5.36,283.9,300.0,XC
2025-04-24 10:32:25,277.2,roi_0,2.74,97.3,100.0,A,roi_1,4.66,190.7,200.0,B,roi_2,7.59,277.2,300.0,XC
2025-04-24 10:32:25,277.2,roi_0,2.74,97.3,100.0,A,roi_1,4.66,190.7,200.0,B,roi_2,7.59,277.2,300.0,XC
2025-04-24 10:32:35,277.2,roi_0,2.74,97.3,100.0,A,roi_1,4.66,190.7,200.0,B,roi_2,7.59,277.2,300.0,XC
2025-04-24 10:32:53,277.1,roi_0,2.74,97.3,100.0,A,roi_1,4.73,190.5,200.0,B,roi_2,7.64,277.1,300.0,XC
2025-04-24 10:33:03,277.1,roi_0,2.74,97.3,100.0,A,roi_1,4.73,190.5,200.0,B,roi_2,7.64,277.1,300.0,XC
2025-04-24 10:33:13,277.1,roi_0,2.74,97.3,100.0,A,roi_1,4.73,190.5,200.0,B,roi_2,7.64,277.1,300.0,XC
2025-04-24 10:33:23,277.1,roi_0,2.74,97.3,100.0,A,roi_1,4.73,190.5,200.0,B,roi_2,7.64,277.1,300.0,XC
2025-04-24 10:33:33,277.1,roi_0,2.74,97.3,100.0,A,roi_1,4.73,190.5,200.0,B,roi_2,7.64,277.1,300.0,XC
2025-04-24 10:33:59,277.1,roi_0,2.74,97.3,100.0,A,roi_1,4.73,190.5,200.0,B,roi_2,7.64,277.1,300.0,XC
2025-04-24 10:34:59,277.1,roi_0,2.74,97.3,100.0,A,roi_1,4.73,190.5,200.0,B,roi_2,7.64,277.1,300.0,XC
2025-04-24 10:35:59,277.1,roi_0,2.74,97.3,100.0,A,roi_1,4.73,190.5,200.0,B,roi_2,7.64,277.1,300.0,XC
2025-04-24 10:36:59,277.1,roi_0,2.74,97.3,100.0,A,roi_1,4.73,190.5,200.0,B,roi_2,7.64,277.1,300.0,XC
2025-04-24 10:37:19,277.1,roi_0,2.74,97.3,100.0,A,roi_1,4.73,190.5,200.0,B,roi_2,7.64,277.1,300.0,XC
2025-04-24 10:37:21,277.1,roi_0,2.74,97.3,100.0,A,roi_1,4.73,190.5,200.0,B,roi_2,7.64,277.1,300.0,XC
2025-04-24 10:37:23,277.1,roi_0,2.74,97.3,100.0,A,roi_1,4.73,190.5,200.0,B,roi_2,7.64,277.1,300.0,XC
2025-04-24 10:37:24,285.0,roi_0,2.72,97.3,100.0,A,roi_1,5.06,189.9,200.0,B,roi_2,5.01,285.0,300.0,XC
2025-04-24 10:37:33,285.0,roi_0,2.72,97.3,100.0,A,roi_1,5.06,189.9,200.0,B,roi_2,5.01,285.0,300.0,XC
2025-04-24 10:37:43,285.0,roi_0,2.72,97.3,100.0,A,roi_1,5.06,189.9,200.0,B,roi_2,5.01,285.0,300.0,XC
2025-04-24 10:37:53,285.0,roi_0,2.72,97.3,100.0,A,roi_1,5.06,189.9,200.0,B,roi_2,5.01,285.0,300.0,XC
2025-04-24 10:38:06,285.0,roi_0,2.72,97.3,100.0,A,roi_1,5.06,189.9,200.0,B,roi_2,5.01,285.0,300.0,XC
2025-04-24 10:38:35,285.0,roi_0,2.72,97.3,100.0,A,roi_1,5.06,189.9,200.0,B,roi_2,5.01,285.0,300.0,XC
2025-04-24 10:38:43,285.0,roi_0,2.72,97.3,100.0,A,roi_1,5.06,189.9,200.0,B,roi_2,5.01,285.0,300.0,XC
2025-04-24 10:38:53,285.0,roi_0,2.72,97.3,100.0,A,roi_1,5.06,189.9,200.0,B,roi_2,5.01,285.0,300.0,XC
2025-04-24 10:39:03,285.0,roi_0,2.72,97.3,100.0,A,roi_1,5.06,189.9,200.0,B,roi_2,5.01,285.0,300.0,XC
2025-04-24 10:39:13,285.0,roi_0,2.72,97.3,100.0,A,roi_1,5.06,189.9,200.0,B,roi_2,5.01,285.0,300.0,XC
2025-04-24 10:39:23,285.0,roi_0,2.72,97.3,100.0,A,roi_1,5.06,189.9,200.0,B,roi_2,5.01,285.0,300.0,XC
2025-04-24 10:39:33,285.0,roi_0,2.72,97.3,100.0,A,roi_1,5.06,189.9,200.0,B,roi_2,5.01,285.0,300.0,XC
2025-04-24 10:39:43,285.0,roi_0,2.72,97.3,100.0,A,roi_1,5.06,189.9,200.0,B,roi_2,5.01,285.0,300.0,XC
2025-04-24 10:39:53,285.0,roi_0,2.72,97.3,100.0,A,roi_1,5.06,189.9,200.0,B,roi_2,5.01,285.0,300.0,XC
2025-04-24 10:40:03,285.0,roi_0,2.72,97.3,100.0,A,roi_1,5.06,189.9,200.0,B,roi_2,5.01,285.0,300.0,XC
2025-04-24 10:40:18,260.0,roi_0,2.72,97.3,100.0,A,roi_1,6.65,186.7,200.0,B,roi_2,13.32,260.0,300.0,XC
2025-04-24 10:40:28,260.0,roi_0,2.72,97.3,100.0,A,roi_1,6.65,186.7,200.0,B,roi_2,13.32,260.0,300.0,XC
2025-04-24 10:40:39,260.0,roi_0,2.72,97.3,100.0,A,roi_1,6.65,186.7,200.0,B,roi_2,13.32,260.0,300.0,XC
2025-04-24 10:40:49,260.0,roi_0,2.72,97.3,100.0,A,roi_1,6.65,186.7,200.0,B,roi_2,13.32,260.0,300.0,XC
2025-04-24 10:40:59,260.0,roi_0,2.72,97.3,100.0,A,roi_1,6.65,186.7,200.0,B,roi_2,13.32,260.0,300.0,XC
2025-04-24 10:41:09,260.0,roi_0,2.72,97.3,100.0,A,roi_1,6.65,186.7,200.0,B,roi_2,13.32,260.0,300.0,XC
2025-04-24 10:41:19,260.0,roi_0,2.72,97.3,100.0,A,roi_1,6.65,186.7,200.0,B,roi_2,13.32,260.0,300.0,XC
2025-04-24 10:41:29,260.0,roi_0,2.72,97.3,100.0,A,roi_1,6.65,186.7,200.0,B,roi_2,13.32,260.0,300.0,XC
2025-04-24 10:41:39,260.0,roi_0,2.72,97.3,100.0,A,roi_1,6.65,186.7,200.0,B,roi_2,13.32,260.0,300.0,XC
2025-04-24 10:41:49,260.0,roi_0,2.72,97.3,100.0,A,roi_1,6.65,186.7,200.0,B,roi_2,13.32,260.0,300.0,XC
2025-04-24 10:41:59,260.0,roi_0,2.72,97.3,100.0,A,roi_1,6.65,186.7,200.0,B,roi_2,13.32,260.0,300.0,XC
2025-04-24 10:42:09,260.0,roi_0,2.72,97.3,100.0,A,roi_1,6.65,186.7,200.0,B,roi_2,13.32,260.0,300.0,XC
2025-04-24 10:42:19,260.0,roi_0,2.72,97.3,100.0,A,roi_1,6.65,186.7,200.0,B,roi_2,13.32,260.0,300.0,XC
2025-04-24 10:42:41,260.0,roi_0,2.72,97.3,100.0,A,roi_1,6.65,186.7,200.0,B,roi_2,13.32,260.0,300.0,XC
2025-04-24 10:42:49,260.0,roi_0,2.72,97.3,100.0,A,roi_1,6.65,186.7,200.0,B,roi_2,13.32,260.0,300.0,XC
2025-04-24 10:42:59,260.0,roi_0,2.72,97.3,100.0,A,roi_1,6.65,186.7,200.0,B,roi_2,13.32,260.0,300.0,XC
2025-04-24 10:43:09,260.0,roi_0,2.72,97.3,100.0,A,roi_1,6.65,186.7,200.0,B,roi_2,13.32,260.0,300.0,XC
2025-04-24 10:43:19,260.0,roi_0,2.72,97.3,100.0,A,roi_1,6.65,186.7,200.0,B,roi_2,13.32,260.0,300.0,XC
2025-04-24 10:43:29,260.0,roi_0,2.72,97.3,100.0,A,roi_1,6.65,186.7,200.0,B,roi_2,13.32,260.0,300.0,XC
2025-04-24 10:44:02,260.0,roi_0,2.72,97.3,100.0,A,roi_1,6.65,186.7,200.0,B,roi_2,13.32,260.0,300.0,XC
2025-04-24 10:44:09,260.0,roi_0,2.72,97.3,100.0,A,roi_1,6.65,186.7,200.0,B,roi_2,13.32,260.0,300.0,XC
2025-04-24 10:44:19,260.0,roi_0,2.72,97.3,100.0,A,roi_1,6.65,186.7,200.0,B,roi_2,13.32,260.0,300.0,XC
2025-04-24 10:44:29,260.0,roi_0,2.72,97.3,100.0,A,roi_1,6.65,186.7,200.0,B,roi_2,13.32,260.0,300.0,XC
2025-04-24 10:44:39,260.0,roi_0,2.72,97.3,100.0,A,roi_1,6.65,186.7,200.0,B,roi_2,13.32,260.0,300.0,XC
2025-04-24 10:44:49,260.0,roi_0,2.72,97.3,100.0,A,roi_1,6.65,186.7,200.0,B,roi_2,13.32,260.0,300.0,XC
2025-04-24 10:44:59,260.0,roi_0,2.72,97.3,100.0,A,roi_1,6.65,186.7,200.0,B,roi_2,13.32,260.0,300.0,XC
2025-04-24 10:45:09,260.0,roi_0,2.72,97.3,100.0,A,roi_1,6.65,186.7,200.0,B,roi_2,13.32,260.0,300.0,XC
2025-04-24 10:45:19,260.0,roi_0,2.72,97.3,100.0,A,roi_1,6.65,186.7,200.0,B,roi_2,13.32,260.0,300.0,XC
2025-04-24 10:45:29,260.0,roi_0,2.72,97.3,100.0,A,roi_1,6.65,186.7,200.0,B,roi_2,13.32,260.0,300.0,XC
2025-04-24 10:45:39,260.0,roi_0,2.72,97.3,100.0,A,roi_1,6.65,186.7,200.0,B,roi_2,13.32,260.0,300.0,XC
2025-04-24 10:45:49,260.0,roi_0,2.72,97.3,100.0,A,roi_1,6.65,186.7,200.0,B,roi_2,13.32,260.0,300.0,XC
2025-04-24 10:45:59,260.0,roi_0,2.72,97.3,100.0,A,roi_1,6.65,186.7,200.0,B,roi_2,13.32,260.0,300.0,XC
2025-04-24 10:46:09,260.0,roi_0,2.72,97.3,100.0,A,roi_1,6.65,186.7,200.0,B,roi_2,13.32,260.0,300.0,XC
2025-04-24 10:46:19,260.0,roi_0,2.72,97.3,100.0,A,roi_1,6.65,186.7,200.0,B,roi_2,13.32,260.0,300.0,XC
2025-04-24 10:46:29,260.0,roi_0,2.72,97.3,100.0,A,roi_1,6.65,186.7,200.0,B,roi_2,13.32,260.0,300.0,XC
2025-04-24 10:46:39,260.0,roi_0,2.72,97.3,100.0,A,roi_1,6.65,186.7,200.0,B,roi_2,13.32,260.0,300.0,XC
2025-04-24 10:46:49,260.0,roi_0,2.72,97.3,100.0,A,roi_1,6.65,186.7,200.0,B,roi_2,13.32,260.0,300.0,XC
2025-04-24 10:46:59,260.0,roi_0,2.72,97.3,100.0,A,roi_1,6.65,186.7,200.0,B,roi_2,13.32,260.0,300.0,XC
2025-04-24 10:47:09,260.0,roi_0,2.72,97.3,100.0,A,roi_1,6.65,186.7,200.0,B,roi_2,13.32,260.0,300.0,XC
2025-04-24 10:47:19,260.0,roi_0,2.72,97.3,100.0,A,roi_1,6.65,186.7,200.0,B,roi_2,13.32,260.0,300.0,XC
2025-04-24 10:47:29,260.0,roi_0,2.72,97.3,100.0,A,roi_1,6.65,186.7,200.0,B,roi_2,13.32,260.0,300.0,XC
2025-04-24 10:47:39,260.0,roi_0,2.72,97.3,100.0,A,roi_1,6.65,186.7,200.0,B,roi_2,13.32,260.0,300.0,XC
2025-04-24 10:47:49,260.0,roi_0,2.72,97.3,100.0,A,roi_1,6.65,186.7,200.0,B,roi_2,13.32,260.0,300.0,XC
2025-04-24 10:47:59,260.0,roi_0,2.72,97.3,100.0,A,roi_1,6.65,186.7,200.0,B,roi_2,13.32,260.0,300.0,XC
2025-04-24 10:48:09,260.0,roi_0,2.72,97.3,100.0,A,roi_1,6.65,186.7,200.0,B,roi_2,13.32,260.0,300.0,XC
2025-04-24 10:48:19,260.0,roi_0,2.72,97.3,100.0,A,roi_1,6.65,186.7,200.0,B,roi_2,13.32,260.0,300.0,XC
2025-04-24 10:48:29,260.0,roi_0,2.72,97.3,100.0,A,roi_1,6.65,186.7,200.0,B,roi_2,13.32,260.0,300.0,XC
2025-04-24 10:48:39,260.0,roi_0,2.72,97.3,100.0,A,roi_1,6.65,186.7,200.0,B,roi_2,13.32,260.0,300.0,XC
2025-04-24 10:48:49,260.0,roi_0,2.72,97.3,100.0,A,roi_1,6.65,186.7,200.0,B,roi_2,13.32,260.0,300.0,XC
2025-04-24 10:48:59,260.0,roi_0,2.72,97.3,100.0,A,roi_1,6.65,186.7,200.0,B,roi_2,13.32,260.0,300.0,XC
2025-04-24 10:49:09,260.0,roi_0,2.72,97.3,100.0,A,roi_1,6.65,186.7,200.0,B,roi_2,13.32,260.0,300.0,XC
2025-04-24 10:49:19,260.0,roi_0,2.72,97.3,100.0,A,roi_1,6.65,186.7,200.0,B,roi_2,13.32,260.0,300.0,XC
2025-04-24 10:49:29,260.0,roi_0,2.72,97.3,100.0,A,roi_1,6.65,186.7,200.0,B,roi_2,13.32,260.0,300.0,XC
2025-04-24 10:49:39,260.0,roi_0,2.72,97.3,100.0,A,roi_1,6.65,186.7,200.0,B,roi_2,13.32,260.0,300.0,XC
2025-04-24 10:49:49,260.0,roi_0,2.72,97.3,100.0,A,roi_1,6.65,186.7,200.0,B,roi_2,13.32,260.0,300.0,XC
2025-04-24 10:49:59,260.0,roi_0,2.72,97.3,100.0,A,roi_1,6.65,186.7,200.0,B,roi_2,13.32,260.0,300.0,XC
2025-04-24 10:50:09,260.0,roi_0,2.72,97.3,100.0,A,roi_1,6.65,186.7,200.0,B,roi_2,13.32,260.0,300.0,XC
2025-04-24 10:50:29,260.0,roi_0,2.72,97.3,100.0,A,roi_1,6.65,186.7,200.0,B,roi_2,13.32,260.0,300.0,XC
2025-04-24 10:50:39,260.0,roi_0,2.72,97.3,100.0,A,roi_1,6.65,186.7,200.0,B,roi_2,13.32,260.0,300.0,XC
2025-04-24 10:50:49,260.0,roi_0,2.72,97.3,100.0,A,roi_1,6.65,186.7,200.0,B,roi_2,13.32,260.0,300.0,XC
2025-04-24 10:50:59,260.0,roi_0,2.72,97.3,100.0,A,roi_1,6.65,186.7,200.0,B,roi_2,13.32,260.0,300.0,XC
2025-04-24 10:51:09,260.0,roi_0,2.72,97.3,100.0,A,roi_1,6.65,186.7,200.0,B,roi_2,13.32,260.0,300.0,XC
2025-04-24 10:51:19,260.0,roi_0,2.72,97.3,100.0,A,roi_1,6.65,186.7,200.0,B,roi_2,13.32,260.0,300.0,XC
2025-04-24 10:51:29,260.0,roi_0,2.72,97.3,100.0,A,roi_1,6.65,186.7,200.0,B,roi_2,13.32,260.0,300.0,XC
2025-04-24 10:51:39,260.0,roi_0,2.72,97.3,100.0,A,roi_1,6.65,186.7,200.0,B,roi_2,13.32,260.0,300.0,XC
2025-04-24 10:51:49,260.0,roi_0,2.72,97.3,100.0,A,roi_1,6.65,186.7,200.0,B,roi_2,13.32,260.0,300.0,XC
2025-04-24 10:51:58,260.0,roi_0,2.72,97.3,100.0,A,roi_1,6.65,186.7,200.0,B,roi_2,13.32,260.0,300.0,XC
2025-04-24 10:52:08,260.0,roi_0,2.72,97.3,100.0,A,roi_1,6.65,186.7,200.0,B,roi_2,13.32,260.0,300.0,XC
2025-04-24 10:52:18,260.0,roi_0,2.72,97.3,100.0,A,roi_1,6.65,186.7,200.0,B,roi_2,13.32,260.0,300.0,XC
2025-04-24 10:52:28,260.0,roi_0,2.72,97.3,100.0,A,roi_1,6.65,186.7,200.0,B,roi_2,13.32,260.0,300.0,XC
2025-04-24 10:52:38,260.0,roi_0,2.72,97.3,100.0,A,roi_1,6.65,186.7,200.0,B,roi_2,13.32,260.0,300.0,XC
2025-04-24 10:52:48,260.0,roi_0,2.72,97.3,100.0,A,roi_1,6.65,186.7,200.0,B,roi_2,13.32,260.0,300.0,XC
2025-04-24 10:52:58,260.0,roi_0,2.72,97.3,100.0,A,roi_1,6.65,186.7,200.0,B,roi_2,13.32,260.0,300.0,XC
2025-04-24 10:53:09,260.0,roi_0,2.72,97.3,100.0,A,roi_1,6.65,186.7,200.0,B,roi_2,13.32,260.0,300.0,XC
2025-04-24 10:53:18,260.0,roi_0,2.72,97.3,100.0,A,roi_1,6.65,186.7,200.0,B,roi_2,13.32,260.0,300.0,XC
2025-04-24 10:53:28,260.0,roi_0,2.72,97.3,100.0,A,roi_1,6.65,186.7,200.0,B,roi_2,13.32,260.0,300.0,XC
2025-04-24 10:53:38,260.0,roi_0,2.72,97.3,100.0,A,roi_1,6.65,186.7,200.0,B,roi_2,13.32,260.0,300.0,XC
2025-04-24 10:53:48,260.0,roi_0,2.72,97.3,100.0,A,roi_1,6.65,186.7,200.0,B,roi_2,13.32,260.0,300.0,XC
2025-04-24 10:53:58,260.0,roi_0,2.72,97.3,100.0,A,roi_1,6.65,186.7,200.0,B,roi_2,13.32,260.0,300.0,XC
2025-04-24 10:54:08,260.0,roi_0,2.72,97.3,100.0,A,roi_1,6.65,186.7,200.0,B,roi_2,13.32,260.0,300.0,XC
2025-04-24 10:54:18,260.0,roi_0,2.72,97.3,100.0,A,roi_1,6.65,186.7,200.0,B,roi_2,13.32,260.0,300.0,XC
2025-04-24 10:54:29,260.0,roi_0,2.72,97.3,100.0,A,roi_1,6.65,186.7,200.0,B,roi_2,13.32,260.0,300.0,XC
2025-04-24 10:54:38,260.0,roi_0,2.72,97.3,100.0,A,roi_1,6.65,186.7,200.0,B,roi_2,13.32,260.0,300.0,XC
2025-04-24 10:54:49,260.0,roi_0,2.72,97.3,100.0,A,roi_1,6.65,186.7,200.0,B,roi_2,13.32,260.0,300.0,XC
2025-04-24 10:54:58,260.0,roi_0,2.72,97.3,100.0,A,roi_1,6.65,186.7,200.0,B,roi_2,13.32,260.0,300.0,XC
2025-04-24 10:55:08,260.0,roi_0,2.72,97.3,100.0,A,roi_1,6.65,186.7,200.0,B,roi_2,13.32,260.0,300.0,XC
2025-04-24 10:55:18,260.0,roi_0,2.72,97.3,100.0,A,roi_1,6.65,186.7,200.0,B,roi_2,13.32,260.0,300.0,XC
2025-04-24 10:55:28,260.0,roi_0,2.72,97.3,100.0,A,roi_1,6.65,186.7,200.0,B,roi_2,13.32,260.0,300.0,XC
2025-04-24 10:55:38,260.0,roi_0,2.72,97.3,100.0,A,roi_1,6.65,186.7,200.0,B,roi_2,13.32,260.0,300.0,XC
2025-04-24 10:55:48,260.0,roi_0,2.72,97.3,100.0,A,roi_1,6.65,186.7,200.0,B,roi_2,13.32,260.0,300.0,XC
2025-04-24 10:55:58,260.0,roi_0,2.72,97.3,100.0,A,roi_1,6.65,186.7,200.0,B,roi_2,13.32,260.0,300.0,XC
2025-04-24 10:56:08,260.0,roi_0,2.72,97.3,100.0,A,roi_1,6.65,186.7,200.0,B,roi_2,13.32,260.0,300.0,XC
2025-04-24 10:56:18,260.0,roi_0,2.72,97.3,100.0,A,roi_1,6.65,186.7,200.0,B,roi_2,13.32,260.0,300.0,XC
2025-04-24 10:56:22,260.0,roi_0,2.72,97.3,100.0,A,roi_1,6.65,186.7,200.0,B,roi_2,13.32,260.0,300.0,XC
2025-04-24 10:56:22,260.0,roi_0,2.72,97.3,100.0,A,roi_1,6.65,186.7,200.0,B,roi_2,13.32,260.0,300.0,XC
2025-04-24 10:56:23,276.4,roi_0,3.32,96.7,100.0,A,roi_1,7.74,184.5,200.0,B,roi_2,7.86,276.4,300.0,XC
2025-04-24 10:56:28,276.4,roi_0,3.32,96.7,100.0,A,roi_1,7.74,184.5,200.0,B,roi_2,7.86,276.4,300.0,XC
2025-04-24 10:56:38,276.4,roi_0,3.32,96.7,100.0,A,roi_1,7.74,184.5,200.0,B,roi_2,7.86,276.4,300.0,XC
2025-04-24 10:56:48,276.4,roi_0,3.32,96.7,100.0,A,roi_1,7.74,184.5,200.0,B,roi_2,7.86,276.4,300.0,XC
2025-04-24 10:56:58,276.4,roi_0,3.32,96.7,100.0,A,roi_1,7.74,184.5,200.0,B,roi_2,7.86,276.4,300.0,XC
2025-04-24 10:57:08,276.4,roi_0,3.32,96.7,100.0,A,roi_1,7.74,184.5,200.0,B,roi_2,7.86,276.4,300.0,XC
2025-04-24 10:57:16,276.4,roi_0,3.32,96.7,100.0,A,roi_1,7.74,184.5,200.0,B,roi_2,7.86,276.4,300.0,XC
2025-04-24 10:57:18,276.4,roi_0,3.32,96.7,100.0,A,roi_1,7.74,184.5,200.0,B,roi_2,7.86,276.4,300.0,XC
2025-04-24 10:57:28,276.4,roi_0,3.32,96.7,100.0,A,roi_1,7.74,184.5,200.0,B,roi_2,7.86,276.4,300.0,XC
2025-04-24 10:57:38,276.4,roi_0,3.32,96.7,100.0,A,roi_1,7.74,184.5,200.0,B,roi_2,7.86,276.4,300.0,XC
2025-04-24 10:57:48,276.4,roi_0,3.32,96.7,100.0,A,roi_1,7.74,184.5,200.0,B,roi_2,7.86,276.4,300.0,XC
2025-04-24 10:57:58,276.4,roi_0,3.32,96.7,100.0,A,roi_1,7.74,184.5,200.0,B,roi_2,7.86,276.4,300.0,XC
2025-04-24 10:58:08,276.4,roi_0,3.32,96.7,100.0,A,roi_1,7.74,184.5,200.0,B,roi_2,7.86,276.4,300.0,XC
2025-04-24 10:58:18,276.4,roi_0,3.32,96.7,100.0,A,roi_1,7.74,184.5,200.0,B,roi_2,7.86,276.4,300.0,XC
2025-04-24 10:58:28,276.4,roi_0,3.32,96.7,100.0,A,roi_1,7.74,184.5,200.0,B,roi_2,7.86,276.4,300.0,XC
2025-04-24 10:58:38,276.4,roi_0,3.32,96.7,100.0,A,roi_1,7.74,184.5,200.0,B,roi_2,7.86,276.4,300.0,XC
2025-04-24 10:58:48,276.4,roi_0,3.32,96.7,100.0,A,roi_1,7.74,184.5,200.0,B,roi_2,7.86,276.4,300.0,XC
2025-04-24 10:58:58,276.4,roi_0,3.32,96.7,100.0,A,roi_1,7.74,184.5,200.0,B,roi_2,7.86,276.4,300.0,XC
2025-04-24 10:59:08,276.4,roi_0,3.32,96.7,100.0,A,roi_1,7.74,184.5,200.0,B,roi_2,7.86,276.4,300.0,XC
2025-04-24 10:59:18,276.4,roi_0,3.32,96.7,100.0,A,roi_1,7.74,184.5,200.0,B,roi_2,7.86,276.4,300.0,XC
2025-04-24 10:59:28,276.4,roi_0,3.32,96.7,100.0,A,roi_1,7.74,184.5,200.0,B,roi_2,7.86,276.4,300.0,XC
2025-04-24 10:59:38,276.4,roi_0,3.32,96.7,100.0,A,roi_1,7.74,184.5,200.0,B,roi_2,7.86,276.4,300.0,XC
2025-04-24 10:59:48,276.4,roi_0,3.32,96.7,100.0,A,roi_1,7.74,184.5,200.0,B,roi_2,7.86,276.4,300.0,XC
2025-04-24 10:59:58,276.4,roi_0,3.32,96.7,100.0,A,roi_1,7.74,184.5,200.0,B,roi_2,7.86,276.4,300.0,XC
2025-04-24 11:00:08,276.4,roi_0,3.32,96.7,100.0,A,roi_1,7.74,184.5,200.0,B,roi_2,7.86,276.4,300.0,XC
2025-04-24 11:00:19,276.4,roi_0,3.32,96.7,100.0,A,roi_1,7.74,184.5,200.0,B,roi_2,7.86,276.4,300.0,XC
2025-04-24 11:00:28,276.4,roi_0,3.32,96.7,100.0,A,roi_1,7.74,184.5,200.0,B,roi_2,7.86,276.4,300.0,XC
2025-04-24 11:00:38,276.4,roi_0,3.32,96.7,100.0,A,roi_1,7.74,184.5,200.0,B,roi_2,7.86,276.4,300.0,XC
2025-04-24 11:00:48,276.4,roi_0,3.32,96.7,100.0,A,roi_1,7.74,184.5,200.0,B,roi_2,7.86,276.4,300.0,XC
2025-04-24 11:00:58,276.4,roi_0,3.32,96.7,100.0,A,roi_1,7.74,184.5,200.0,B,roi_2,7.86,276.4,300.0,XC
2025-04-24 11:01:08,276.4,roi_0,3.32,96.7,100.0,A,roi_1,7.74,184.5,200.0,B,roi_2,7.86,276.4,300.0,XC
2025-04-24 11:01:19,276.4,roi_0,3.32,96.7,100.0,A,roi_1,7.74,184.5,200.0,B,roi_2,7.86,276.4,300.0,XC
2025-04-24 11:01:29,276.4,roi_0,3.32,96.7,100.0,A,roi_1,7.74,184.5,200.0,B,roi_2,7.86,276.4,300.0,XC
2025-04-24 11:02:23,276.4,roi_0,3.32,96.7,100.0,A,roi_1,7.74,184.5,200.0,B,roi_2,7.86,276.4,300.0,XC
2025-04-24 11:02:59,276.4,roi_0,3.32,96.7,100.0,A,roi_1,7.74,184.5,200.0,B,roi_2,7.86,276.4,300.0,XC
2025-04-24 11:03:59,276.4,roi_0,3.32,96.7,100.0,A,roi_1,7.74,184.5,200.0,B,roi_2,7.86,276.4,300.0,XC
2025-04-24 11:04:59,276.4,roi_0,3.32,96.7,100.0,A,roi_1,7.74,184.5,200.0,B,roi_2,7.86,276.4,300.0,XC
2025-04-24 11:05:46,276.4,roi_0,3.32,96.7,100.0,A,roi_1,7.74,184.5,200.0,B,roi_2,7.86,276.4,300.0,XC
2025-04-24 11:05:48,276.4,roi_0,3.32,96.7,100.0,A,roi_1,7.74,184.5,200.0,B,roi_2,7.86,276.4,300.0,XC
2025-04-24 11:05:59,276.4,roi_0,3.32,96.7,100.0,A,roi_1,7.74,184.5,200.0,B,roi_2,7.86,276.4,300.0,XC
2025-04-24 11:06:09,276.4,roi_0,3.32,96.7,100.0,A,roi_1,7.74,184.5,200.0,B,roi_2,7.86,276.4,300.0,XC
2025-04-24 11:06:19,276.4,roi_0,3.32,96.7,100.0,A,roi_1,7.74,184.5,200.0,B,roi_2,7.86,276.4,300.0,XC
2025-04-24 11:06:30,276.4,roi_0,3.32,96.7,100.0,A,roi_1,7.74,184.5,200.0,B,roi_2,7.86,276.4,300.0,XC
2025-04-24 11:06:59,276.4,roi_0,3.32,96.7,100.0,A,roi_1,7.74,184.5,200.0,B,roi_2,7.86,276.4,300.0,XC
2025-04-24 11:07:08,276.4,roi_0,3.32,96.7,100.0,A,roi_1,7.74,184.5,200.0,B,roi_2,7.86,276.4,300.0,XC
2025-04-24 11:07:18,276.4,roi_0,3.32,96.7,100.0,A,roi_1,7.74,184.5,200.0,B,roi_2,7.86,276.4,300.0,XC
2025-04-24 11:07:29,276.4,roi_0,3.32,96.7,100.0,A,roi_1,7.74,184.5,200.0,B,roi_2,7.86,276.4,300.0,XC
2025-04-24 11:07:54,276.4,roi_0,3.32,96.7,100.0,A,roi_1,7.74,184.5,200.0,B,roi_2,7.86,276.4,300.0,XC
2025-04-24 11:07:59,276.4,roi_0,3.32,96.7,100.0,A,roi_1,7.74,184.5,200.0,B,roi_2,7.86,276.4,300.0,XC
2025-04-24 11:08:09,276.4,roi_0,3.32,96.7,100.0,A,roi_1,7.74,184.5,200.0,B,roi_2,7.86,276.4,300.0,XC
2025-04-24 11:08:19,276.4,roi_0,3.32,96.7,100.0,A,roi_1,7.74,184.5,200.0,B,roi_2,7.86,276.4,300.0,XC
2025-04-24 11:08:29,276.4,roi_0,3.32,96.7,100.0,A,roi_1,7.74,184.5,200.0,B,roi_2,7.86,276.4,300.0,XC
2025-04-24 11:09:02,276.4,roi_0,3.32,96.7,100.0,A,roi_1,7.74,184.5,200.0,B,roi_2,7.86,276.4,300.0,XC
2025-04-24 11:09:59,276.4,roi_0,3.32,96.7,100.0,A,roi_1,7.74,184.5,200.0,B,roi_2,7.86,276.4,300.0,XC
2025-04-24 11:10:59,276.4,roi_0,3.32,96.7,100.0,A,roi_1,7.74,184.5,200.0,B,roi_2,7.86,276.4,300.0,XC
2025-04-24 11:11:59,276.4,roi_0,3.32,96.7,100.0,A,roi_1,7.74,184.5,200.0,B,roi_2,7.86,276.4,300.0,XC
2025-04-24 11:12:59,276.4,roi_0,3.32,96.7,100.0,A,roi_1,7.74,184.5,200.0,B,roi_2,7.86,276.4,300.0,XC
2025-04-24 11:13:59,276.4,roi_0,3.32,96.7,100.0,A,roi_1,7.74,184.5,200.0,B,roi_2,7.86,276.4,300.0,XC
2025-04-24 11:14:59,276.4,roi_0,3.32,96.7,100.0,A,roi_1,7.74,184.5,200.0,B,roi_2,7.86,276.4,300.0,XC
2025-04-24 11:15:59,276.4,185.9,roi_0,3.32,96.7,100,100.0,A,roi_1,7.74,184.5,100,200.0,B,roi_2,7.86,276.4,100,300.0,XC
2025-04-24 11:16:59,0,0
2025-04-24 11:17:55,276.4,185.9,roi_0,3.32,96.7,100,100.0,A,roi_1,7.74,184.5,100,200.0,B,roi_2,7.86,276.4,100,300.0,XC
2025-04-24 11:17:59,0,0
2025-04-24 11:18:09,276.4,185.9,roi_0,3.32,96.7,100,100.0,A,roi_1,7.74,184.5,100,200.0,B,roi_2,7.86,276.4,100,300.0,XC
2025-04-24 11:18:19,0,0
2025-04-24 11:18:29,276.4,185.9,roi_0,3.32,96.7,100,100.0,A,roi_1,7.74,184.5,100,200.0,B,roi_2,7.86,276.4,100,300.0,XC
2025-04-24 11:18:39,276.4,185.9,276.4,2025-04-24 11:18:39,roi_0,3.32,96.7,100,100.0,A,roi_1,7.74,184.5,100,200.0,B,roi_2,7.86,276.4,100,300.0,XC
2025-04-24 11:18:49,276.4,185.9,276.4,2025-04-24 11:18:39,roi_0,3.32,96.7,100.0,100.0,A,roi_1,7.74,184.5,100,200.0,B,roi_2,7.86,276.4,100,300.0,XC
2025-04-24 11:18:59,276.4,185.9,276.4,2025-04-24 11:18:39,roi_0,3.32,96.7,100.0,100.0,A,roi_1,7.74,184.5,100,200.0,B,roi_2,7.86,276.4,100,300.0,XC
2025-04-24 11:19:59,276.4,185.9,276.4,2025-04-24 11:18:39,roi_0,3.32,96.7,100.0,100.0,A,roi_1,7.74,184.5,100,200.0,B,roi_2,7.86,276.4,100,300.0,XC
2025-04-24 11:20:59,276.4,185.9,276.4,2025-04-24 11:18:39,roi_0,3.32,96.7,100.0,100.0,A,roi_1,7.74,184.5,100,200.0,B,roi_2,7.86,276.4,100,300.0,XC
2025-04-24 11:21:59,276.4,185.9,276.4,2025-04-24 11:18:39,roi_0,3.32,96.7,100.0,100.0,A,roi_1,7.74,184.5,100,200.0,B,roi_2,7.86,276.4,100,300.0,XC
2025-04-24 11:22:59,276.4,185.9,276.4,2025-04-24 11:18:39,roi_0,3.32,96.7,100.0,100.0,A,roi_1,7.74,184.5,100,200.0,B,roi_2,7.86,276.4,100,300.0,XC
2025-04-24 11:23:59,276.4,185.9,276.4,2025-04-24 11:18:39,roi_0,3.32,96.7,100.0,100.0,A,roi_1,7.74,184.5,100,200.0,B,roi_2,7.86,276.4,100,300.0,XC
2025-04-24 11:24:59,276.4,185.9,276.4,2025-04-24 11:18:39,roi_0,3.32,96.7,100.0,100.0,A,roi_1,7.74,184.5,100,200.0,B,roi_2,7.86,276.4,100,300.0,XC
2025-04-24 11:25:59,276.4,185.9,276.4,2025-04-24 11:18:39,roi_0,3.32,96.7,100.0,100.0,A,roi_1,7.74,184.5,100,200.0,B,roi_2,7.86,276.4,100,300.0,XC
2025-04-24 11:26:59,276.4,185.9,276.4,2025-04-24 11:18:39,roi_0,3.32,96.7,100.0,100.0,A,roi_1,7.74,184.5,100,200.0,B,roi_2,7.86,276.4,100,300.0,XC
2025-04-24 11:27:59,276.4,185.9,276.4,2025-04-24 11:18:39,roi_0,3.32,96.7,100.0,100.0,A,roi_1,7.74,184.5,100,200.0,B,roi_2,7.86,276.4,100,300.0,XC
2025-04-24 11:28:59,276.4,185.9,276.4,2025-04-24 11:18:39,roi_0,3.32,96.7,100.0,100.0,A,roi_1,7.74,184.5,100,200.0,B,roi_2,7.86,276.4,100,300.0,XC
2025-04-24 11:29:59,276.4,185.9,276.4,2025-04-24 11:18:39,roi_0,3.32,96.7,100.0,100.0,A,roi_1,7.74,184.5,100,200.0,B,roi_2,7.86,276.4,100,300.0,XC
2025-04-24 11:30:59,276.4,185.9,276.4,2025-04-24 11:18:39,roi_0,3.32,96.7,100.0,100.0,A,roi_1,7.74,184.5,100,200.0,B,roi_2,7.86,276.4,100,300.0,XC
2025-04-24 11:31:59,276.4,185.9,276.4,2025-04-24 11:18:39,roi_0,3.32,96.7,100.0,100.0,A,roi_1,7.74,184.5,100,200.0,B,roi_2,7.86,276.4,100,300.0,XC
2025-04-24 11:32:59,276.4,185.9,276.4,2025-04-24 11:18:39,roi_0,3.32,96.7,100.0,100.0,A,roi_1,7.74,184.5,100,200.0,B,roi_2,7.86,276.4,100,300.0,XC
2025-04-24 11:33:59,276.4,185.9,276.4,2025-04-24 11:18:39,roi_0,3.32,96.7,100.0,100.0,A,roi_1,7.74,184.5,100,200.0,B,roi_2,7.86,276.4,100,300.0,XC
2025-04-24 11:34:59,276.4,185.9,276.4,2025-04-24 11:18:39,roi_0,3.32,96.7,100.0,100.0,A,roi_1,7.74,184.5,100,200.0,B,roi_2,7.86,276.4,100,300.0,XC
2025-04-24 11:35:59,276.4,185.9,276.4,2025-04-24 11:18:39,roi_0,3.32,96.7,100.0,100.0,A,roi_1,7.74,184.5,100,200.0,B,roi_2,7.86,276.4,100,300.0,XC
2025-04-24 11:36:59,276.4,185.9,276.4,2025-04-24 11:18:39,roi_0,3.32,96.7,100.0,100.0,A,roi_1,7.74,184.5,100,200.0,B,roi_2,7.86,276.4,100,300.0,XC
2025-04-24 11:37:59,276.4,185.9,276.4,2025-04-24 11:18:39,roi_0,3.32,96.7,100.0,100.0,A,roi_1,7.74,184.5,100,200.0,B,roi_2,7.86,276.4,100,300.0,XC
2025-04-24 11:38:18,276.4,185.9,276.4,2025-04-24 11:18:39,roi_0,3.32,96.7,100.0,100.0,A,roi_1,7.74,184.5,100,200.0,B,roi_2,7.86,276.4,100,300.0,XC
2025-04-24 11:38:29,276.4,185.9,276.4,2025-04-24 11:18:39,roi_0,3.32,96.7,100.0,100.0,A,roi_1,7.74,184.5,100,200.0,B,roi_2,7.86,276.4,100,300.0,XC
2025-04-24 11:38:39,276.4,185.9,276.4,2025-04-24 11:18:39,roi_0,3.32,96.7,100.0,100.0,A,roi_1,7.74,184.5,100,200.0,B,roi_2,7.86,276.4,100,300.0,XC
2025-04-24 11:39:21,278.7,189.4,278.7,2025-04-24 11:39:21,roi_0,2.8,97.2,100,100.0,A,roi_1,3.82,192.4,100,200.0,B,roi_2,7.09,278.7,100,300.0,XC
2025-04-24 11:45:12,278.7,189.4,278.7,2025-04-24 11:39:21,roi_0,2.8,97.2,100,100.0,A,roi_1,3.82,192.4,100.0,200.0,B,roi_2,7.09,278.7,100,300.0,XC
2025-04-24 11:50:12,278.7,189.4,278.7,2025-04-24 11:39:21,roi_0,2.8,97.2,100,100.0,A,roi_1,3.82,192.4,100.0,200.0,B,roi_2,7.09,278.7,100,300.0,XC
2025-04-24 11:51:06,278.7,189.4,278.7,2025-04-24 11:39:21,roi_0,2.8,97.2,100,100.0,A,roi_1,3.82,192.4,100.0,200.0,B,roi_2,7.09,278.7,100,300.0,XC
2025-04-24 11:51:06,276.3,188.2,278.7,2025-04-24 11:39:21,roi_0,2.95,97.0,99.8,100.0,A,roi_1,4.31,191.4,99.5,200.0,B,roi_2,7.91,276.3,99.1,300.0,XC
2025-04-24 11:51:06,278.7,189.4,278.7,2025-04-24 11:39:21,roi_0,2.8,97.2,100,100.0,A,roi_1,3.82,192.4,100.0,200.0,B,roi_2,7.09,278.7,100,300.0,XC
2025-04-24 11:51:36,276.3,188.2,278.7,2025-04-24 11:39:21,roi_0,2.95,97.0,99.8,100.0,A,roi_1,4.31,191.4,99.5,200.0,B,roi_2,7.91,276.3,99.1,300.0,XC
2025-04-24 11:55:03,23.7,14.9,23.7,2025-04-24 11:55:03,roi_0,3.69,3.7,100,100.0,A,roi_1,4.07,8.1,100,200.0,B,roi_2,7.89,23.7,100,300.0,XC
2025-04-24 11:58:49,23.7,14.9,23.7,2025-04-24 11:55:03,roi_0,3.69,3.7,100,100.0,A,roi_1,4.07,8.1,99.9,200.0,B,roi_2,7.89,23.7,100.0,300.0,XC
2025-04-24 12:03:49,23.7,14.9,23.7,2025-04-24 11:55:03,roi_0,3.69,3.7,100,100.0,A,roi_1,4.07,8.1,99.9,200.0,B,roi_2,7.89,23.7,100.0,300.0,XC
2025-04-24 12:08:49,23.7,14.9,23.7,2025-04-24 11:55:03,roi_0,3.69,3.7,100,100.0,A,roi_1,4.07,8.1,99.9,200.0,B,roi_2,7.89,23.7,100.0,300.0,XC
2025-04-24 12:13:49,23.7,14.9,23.7,2025-04-24 11:55:03,roi_0,3.69,3.7,100,100.0,A,roi_1,4.07,8.1,99.9,200.0,B,roi_2,7.89,23.7,100.0,300.0,XC
2025-04-24 12:18:59,23.7,14.9,23.7,2025-04-24 11:55:03,roi_0,3.69,3.7,100,100.0,A,roi_1,4.07,8.1,99.9,200.0,B,roi_2,7.89,23.7,100.0,300.0,XC
2025-04-24 12:23:59,23.7,14.9,23.7,2025-04-24 11:55:03,roi_0,3.69,3.7,100,100.0,A,roi_1,4.07,8.1,99.9,200.0,B,roi_2,7.89,23.7,100.0,300.0,XC
2025-04-24 12:28:59,23.7,14.9,23.7,2025-04-24 11:55:03,roi_0,3.69,3.7,100,100.0,A,roi_1,4.07,8.1,99.9,200.0,B,roi_2,7.89,23.7,100.0,300.0,XC
2025-04-24 12:33:46,23.7,14.9,23.7,2025-04-24 11:55:03,roi_0,3.69,3.7,100,100.0,A,roi_1,4.07,8.1,99.9,200.0,B,roi_2,7.89,23.7,100.0,300.0,XC
2025-04-24 12:33:47,23.7,14.9,23.7,2025-04-24 11:55:03,roi_0,3.69,3.7,100,100.0,A,roi_1,4.07,8.1,99.9,200.0,B,roi_2,7.89,23.7,100.0,300.0,XC
2025-04-24 12:33:47,23.5,15.4,23.7,2025-04-24 11:55:03,roi_0,2.8,2.8,75.8,100.0,A,roi_1,4.71,9.4,100,200.0,B,roi_2,7.84,23.5,99.3,300.0,XC
2025-04-24 12:33:48,23.5,15.4,23.7,2025-04-24 11:55:03,roi_0,2.8,2.8,75.8,100.0,A,roi_1,4.71,9.4,100,200.0,B,roi_2,7.84,23.5,99.3,300.0,XC
2025-04-24 12:34:16,23.5,15.4,23.7,2025-04-24 11:55:03,roi_0,2.8,2.8,75.8,100.0,A,roi_1,4.71,9.4,100,200.0,B,roi_2,7.84,23.5,99.3,300.0,XC
2025-04-24 12:38:59,23.5,15.4,23.7,2025-04-24 11:55:03,roi_0,2.8,2.8,75.8,100.0,A,roi_1,4.71,9.4,100,200.0,B,roi_2,7.84,23.5,99.3,300.0,XC
2025-04-24 12:43:59,23.5,15.4,23.7,2025-04-24 11:55:03,roi_0,2.8,2.8,75.8,100.0,A,roi_1,4.71,9.4,100,200.0,B,roi_2,7.84,23.5,99.3,300.0,XC
2025-04-24 12:48:59,23.5,15.4,23.7,2025-04-24 11:55:03,roi_0,2.8,2.8,75.8,100.0,A,roi_1,4.71,9.4,100,200.0,B,roi_2,7.84,23.5,99.3,300.0,XC
2025-04-24 12:49:50,23.5,15.4,23.7,2025-04-24 11:55:03,roi_0,2.8,2.8,75.8,100.0,A,roi_1,4.71,9.4,100,200.0,B,roi_2,7.84,23.5,99.3,300.0,XC
2025-04-24 12:49:51,23.5,15.4,23.7,2025-04-24 11:55:03,roi_0,2.8,2.8,75.8,100.0,A,roi_1,4.71,9.4,100,200.0,B,roi_2,7.84,23.5,99.3,300.0,XC
2025-04-24 12:49:51,23.1,15.1,23.7,2025-04-24 11:55:03,roi_0,2.76,2.8,74.8,100.0,A,roi_1,4.38,8.8,100,200.0,B,roi_2,7.71,23.1,97.8,300.0,XC
2025-04-24 12:49:54,23.1,15.1,23.7,2025-04-24 11:55:03,roi_0,2.76,2.8,74.8,100.0,A,roi_1,4.38,8.8,100,200.0,B,roi_2,7.71,23.1,97.8,300.0,XC
2025-04-24 12:49:56,23.1,15.1,23.7,2025-04-24 11:55:03,roi_0,2.76,2.8,74.8,100.0,A,roi_1,4.38,8.8,100,200.0,B,roi_2,7.71,23.1,97.8,300.0,XC
2025-04-24 12:50:20,23.1,15.1,23.7,2025-04-24 11:55:03,roi_0,2.76,2.8,74.8,100.0,A,roi_1,4.38,8.8,100,200.0,B,roi_2,7.71,23.1,97.8,300.0,XC
2025-04-24 12:55:34,29.2,19.0,29.2,2025-04-24 12:55:34,roi_0,3.4,3.4,100,100.0,A,roi_1,4.62,9.2,100,200.0,B,roi_2,9.72,29.2,100,300.0,XC
2025-04-24 12:55:50,29.2,19.0,29.2,2025-04-24 12:55:34,roi_0,3.4,3.4,100.0,100.0,A,roi_1,4.62,9.2,100.0,200.0,B,roi_2,9.72,29.2,100,300.0,XC
2025-04-24 12:55:52,23.3,15.2,29.2,2025-04-24 12:55:34,roi_0,2.82,2.8,82.8,100.0,A,roi_1,4.64,9.3,100,200.0,B,roi_2,7.76,23.3,79.9,300.0,XC
2025-04-24 12:57:01,23.3,15.2,29.2,2025-04-24 12:55:34,roi_0,2.82,2.8,82.8,100.0,A,roi_1,4.64,9.3,100,200.0,B,roi_2,7.76,23.3,79.9,300.0,XC
2025-04-24 13:02:01,4.3,3.0,4.3,2025-04-24 13:02:01,roi_0,2.82,0.9,100,100.0,A,roi_1,4.64,2.1,100,200.0,B,roi_2,7.76,4.3,100,300.0,XC
2025-04-24 13:07:01,4.3,3.0,4.3,2025-04-24 13:02:01,roi_0,2.82,0.9,99.9,100.0,A,roi_1,4.64,2.1,100,200.0,B,roi_2,7.76,4.3,100,300.0,XC
2025-04-24 13:12:01,4.3,3.0,4.3,2025-04-24 13:02:01,roi_0,2.82,0.9,99.9,100.0,A,roi_1,4.64,2.1,100,200.0,B,roi_2,7.76,4.3,100,300.0,XC
2025-04-24 13:17:37,4.3,3.0,4.3,2025-04-24 13:02:01,roi_0,2.82,0.9,99.9,100.0,A,roi_1,4.64,2.1,100,200.0,B,roi_2,7.76,4.3,100,300.0,XC
2025-04-24 13:17:40,4.3,3.0,4.3,2025-04-24 13:02:01,roi_0,2.82,0.9,99.9,100.0,A,roi_1,4.64,2.1,100,200.0,B,roi_2,7.76,4.3,100,300.0,XC
2025-04-24 13:17:41,4.7,2.9,4.7,2025-04-24 13:17:41,roi_0,8.74,1.6,100,100.0,A,roi_1,4.18,2.0,90.0,200.0,B,roi_2,8.53,4.7,100,300.0,XC
2025-04-24 13:18:22,4.6,2.9,4.7,2025-04-24 13:17:41,roi_0,6.47,1.3,74.0,100.0,A,roi_1,4.07,2.0,97.3,200.0,B,roi_2,8.48,4.6,99.4,300.0,XC
2025-04-24 13:18:26,4.6,2.9,4.7,2025-04-24 13:17:41,roi_0,6.47,1.3,74.0,100.0,A,roi_1,4.07,2.0,97.3,200.0,B,roi_2,8.48,4.6,99.4,300.0,XC
2025-04-24 13:18:56,70.0,45.6,70.0,2025-04-24 13:18:56,roi_0,7.23,21.6,100,100.0,A,roi_1,4.2,36.4,100,200.0,B,roi_2,8.68,70.0,100,300.0,XC
2025-04-24 13:20:45,300.0,205.3,300.0,2025-04-24 13:20:45,roi_0,7.26,100.0,100,100.0,A,roi_1,4.07,200.0,100,200.0,B,roi_2,8.31,300.0,100,300.0,XC
2025-04-24 13:20:47,300.0,205.3,300.0,2025-04-24 13:20:45,roi_0,7.26,100.0,100,100.0,A,roi_1,4.07,200.0,100,200.0,B,roi_2,8.31,300.0,100,300.0,XC
2025-04-24 13:24:55,300.0,215.8,300.0,2025-04-24 13:24:55,roi_0,5.48,100.0,100,100.0,A,roi_1,7.69,200.0,100,200.0,B,roi_2,8.98,300.0,100,300.0,XC
2025-04-24 13:24:57,300.0,215.8,300.0,2025-04-24 13:24:55,roi_0,5.48,100.0,100,100.0,A,roi_1,7.69,200.0,100,200.0,B,roi_2,8.98,300.0,100,300.0,XC
2025-04-24 13:25:43,300.0,215.8,300.0,2025-04-24 13:24:55,roi_0,5.48,100.0,100,100.0,A,roi_1,7.69,200.0,100,200.0,B,roi_2,8.98,300.0,100,300.0,XC
2025-04-24 13:30:44,300.0,215.8,300.0,2025-04-24 13:24:55,roi_0,5.48,100.0,100,100.0,A,roi_1,7.69,200.0,100,200.0,B,roi_2,8.98,300.0,100,300.0,XC
2025-04-24 13:35:44,300.0,215.8,300.0,2025-04-24 13:24:55,roi_0,5.48,100.0,100,100.0,A,roi_1,7.69,200.0,100,200.0,B,roi_2,8.98,300.0,100,300.0,XC
2025-04-24 13:40:44,300.0,215.8,300.0,2025-04-24 13:24:55,roi_0,5.48,100.0,100,100.0,A,roi_1,7.69,200.0,100,200.0,B,roi_2,8.98,300.0,100,300.0,XC
2025-04-24 13:45:59,300.0,215.8,300.0,2025-04-24 13:24:55,roi_0,5.48,100.0,100,100.0,A,roi_1,7.69,200.0,100,200.0,B,roi_2,8.98,300.0,100,300.0,XC
2025-04-24 13:50:59,300.0,215.8,300.0,2025-04-24 13:24:55,roi_0,5.48,100.0,100,100.0,A,roi_1,7.69,200.0,100,200.0,B,roi_2,8.98,300.0,100,300.0,XC
2025-04-24 13:52:18,300.0,208.6,300.0,2025-04-24 13:24:55,roi_0,4.22,100.0,100,100.0,A,roi_1,5.11,200.0,100,200.0,B,roi_2,5.48,300.0,100,300.0,XC
2025-04-24 13:56:17,300.0,212.4,300.0,2025-04-24 13:56:17,roi_0,3.42,100.0,100,100.0,A,roi_1,5.59,200.0,100,200.0,B,roi_2,5.18,300.0,100,300.0,XC
2025-04-24 13:59:41,300.0,209.9,300.0,2025-04-24 13:59:41,roi_0,3.69,100.0,100,100.0,A,roi_1,5.99,200.0,100,200.0,B,roi_2,5.16,300.0,100,300.0,XC
2025-04-24 13:59:56,300.0,209.9,300.0,2025-04-24 13:59:41,roi_0,3.69,100.0,100,100.0,A,roi_1,5.99,200.0,100,200.0,B,roi_2,5.16,300.0,100,300.0,XC
2025-04-24 14:01:55,300.0,211.2,300.0,2025-04-24 13:59:41,roi_0,3.61,100.0,100,100.0,A,roi_1,6.03,200.0,100,200.0,B,roi_2,5.28,300.0,100,300.0,XC
2025-04-24 14:02:11,300.0,211.2,300.0,2025-04-24 13:59:41,roi_0,3.61,100.0,100,100.0,A,roi_1,6.03,200.0,100,200.0,B,roi_2,5.28,300.0,100,300.0,XC
2025-04-24 14:03:36,300.0,211.2,300.0,2025-04-24 13:59:41,roi_0,3.61,100.0,100,100.0,A,roi_1,6.03,200.0,100,200.0,B,roi_2,5.28,300.0,100,300.0,XC
2025-04-24 14:03:37,300.0,210.4,300.0,2025-04-24 13:59:41,roi_0,3.65,100.0,100,100.0,A,roi_1,6.15,200.0,100,200.0,B,roi_2,5.21,300.0,100,300.0,XC
2025-04-24 14:04:04,300.0,210.4,300.0,2025-04-24 13:59:41,roi_0,3.65,100.0,100,100.0,A,roi_1,6.15,200.0,100,200.0,B,roi_2,5.21,300.0,100,300.0,XC
2025-04-24 14:04:05,300.0,210.4,300.0,2025-04-24 13:59:41,roi_0,3.65,100.0,100,100.0,A,roi_1,6.15,200.0,100,200.0,B,roi_2,5.21,300.0,100,300.0,XC
2025-04-24 14:06:52,300.0,210.4,300.0,2025-04-24 13:59:41,roi_0,3.65,100.0,100,100.0,A,roi_1,6.15,200.0,100,200.0,B,roi_2,5.21,300.0,100,300.0,XC
2025-04-24 14:11:52,300.0,210.4,300.0,2025-04-24 13:59:41,roi_0,3.65,100.0,100,100.0,A,roi_1,6.15,200.0,100,200.0,B,roi_2,5.21,300.0,100,300.0,XC
2025-04-24 14:16:52,300.0,210.4,300.0,2025-04-24 13:59:41,roi_0,3.65,100.0,100,100.0,A,roi_1,6.15,200.0,100,200.0,B,roi_2,5.21,300.0,100,300.0,XC
2025-04-24 14:16:54,300.0,208.5,300.0,2025-04-24 13:59:41,roi_0,3.54,100.0,100,100.0,A,roi_1,4.84,200.0,100,200.0,B,roi_2,4.64,300.0,100,300.0,XC
2025-04-24 14:16:55,300.0,208.5,300.0,2025-04-24 13:59:41,roi_0,3.54,100.0,100,100.0,A,roi_1,4.84,200.0,100,200.0,B,roi_2,4.64,300.0,100,300.0,XC
2025-04-24 14:17:06,300.0,206.3,300.0,2025-04-24 13:59:41,roi_0,3.54,100.0,100,100.0,A,roi_1,5.31,200.0,100,200.0,B,roi_2,4.37,300.0,100,300.0,XC
2025-04-24 14:22:04,300.0,206.3,300.0,2025-04-24 13:59:41,roi_0,3.54,100.0,100,100.0,A,roi_1,5.31,200.0,100,200.0,B,roi_2,4.37,300.0,100,300.0,XC
2025-04-24 14:26:20,300.0,207.9,300.0,2025-04-24 13:59:41,,3.89,100.0,100,100.0,A,,4.77,200.0,100,200.0,B,,4.96,300.0,100,300.0,XC
2025-04-24 14:41:07,0,0,0,
2025-04-24 14:41:15,300.0,211.7,0,,,3.48,100.0,100,100.0,A,,4.6,200.0,100,200.0,B,,5.01,300.0,100,300.0,XC
2025-04-24 14:41:49,300.0,208.6,0,,,3.85,100.0,100,100.0,A,,4.69,200.0,100,200.0,B,,5.01,300.0,100,300.0,XC
2025-04-24 14:43:34,0,0,0,
2025-04-24 14:43:43,300.0,211.9,0,,,3.63,100.0,100,100.0,A,,5.46,200.0,100,200.0,B,,5.36,300.0,100,300.0,XC
2025-04-24 14:45:12,300.0,208.2,0,,,3.92,100.0,100,100.0,A,,5.15,200.0,100,200.0,B,,5.08,300.0,100,300.0,XC
2025-04-24 14:50:53,0,0,0,
2025-04-24 14:51:09,300.0,300.0,0,,,0.0,30.0,100,100.0,A,,0.0,60.0,100,200.0,B,,3.12,300.0,100,300.0,XC
2025-04-24 14:59:09,0,0,0,
2025-04-24 14:59:15,300.0,212.8,0,,,3.55,100.0,100,100.0,A,,4.69,200.0,100,200.0,B,,5.28,300.0,100,300.0,XC
